,A,B,C,D
2000-01-01,-0.612757326278784,-0.32495982465508433,-0.45503012259486414,1.135709402188736
2000-01-02,-2.2821981394003394,-1.0286019884029056,-2.1272053515857268,3.3359783304359443
2000-01-03,-3.1532914098061404,-1.87870164309851,-1.648231020427818,0.7746528048686234
2000-01-04,-1.8091440656128952,-2.662271428382198,-2.8986907572229184,-0.5285110366323111
2000-01-05,-1.956086062114833,-2.966953356649829,-4.73335314328502,-1.6787096499032288
2000-01-06,-2.3971172459976167,-3.230241940637337,-4.380393409900032,-2.480720924749174
2000-01-07,-3.563975701288496,-1.7712615902279685,-5.667482602665102,-3.14346050508336
2000-01-08,-4.287474670267986,-0.971848469522923,-5.62964724070496,-3.1037145298887165
2000-01-09,-4.240353940239411,-0.9075954198059725,-6.826560211251673,-1.2459118869190249
2000-01-10,-5.1549031537201175,-0.387255761208792,-7.093995547381649,-0.75595650389803
2000-01-11,-3.982771887803499,-0.7013589418411759,-6.297521181695336,-1.5465589847341072
2000-01-12,-4.828075163581314,-1.3138021402920639,-5.727982654181133,-1.612682764460063
2000-01-13,-4.433359502050836,-1.2162132158717982,-2.5808817977326335,-0.6542701201700087
2000-01-14,-4.909568778352441,-0.4750311463611313,-1.8039180996836657,0.25545625450893006
2000-01-15,-6.01384142725635,0.4577196976386315,-1.3870409355449211,1.3788070754602817
2000-01-16,-7.241185780122336,0.10752225046813924,-1.5412327071766425,1.2135333693848518
2000-01-17,-5.996751863410115,-0.12147910506350623,-1.9102971164545508,2.7956255759542885
2000-01-18,-5.971434478638518,-2.2958296531818565,-1.9289972682745324,2.2268034273903745
2000-01-19,-3.984503866686122,-2.2607709081302083,-1.6880554413801792,1.473723490057658
2000-01-20,-2.2898315695600484,-2.6148884027738726,-2.1887563282057547,2.404945113410709
2000-01-21,-2.1188046088100996,-2.1861039957844577,-2.95967674620191,3.0918473263365542
2000-01-22,-2.19077758993849,-3.3686722730711507,-3.5311320099286863,4.907402983213701
2000-01-23,-2.503518905091474,-2.446544727556367,-3.5039125122550305,5.791296099837768
2000-01-24,-0.9381364509623371,-0.6929513348889365,-2.4443561409905614,6.5017748312958865
2000-01-25,-0.29325171319755927,-2.518259965160352,-3.1041593144697486,7.59509238919188
2000-01-26,-1.4781441708876937,-3.79575769806917,-3.54485139694312,6.246791771998808
2000-01-27,-0.9510566053717011,-3.755070742464558,-4.606195129308613,4.684523902970542
2000-01-28,-0.3997435166358768,-4.989741666136765,-5.075619384389262,5.032756032189118
2000-01-29,-0.551699451277801,-4.657071562189589,-6.677077307858354,4.674516059257312
2000-01-30,-0.09754050858626395,-5.2869648298409775,-7.473639082675573,5.860281017163321
2000-01-31,0.2460901791587083,-6.661364241321859,-8.181095828561784,5.785494360112886
2000-02-01,-0.9077530515282055,-7.691447430520129,-8.072407807821033,5.951978448028834
2000-02-02,-0.8069642970997042,-8.493479485430612,-6.844846991138346,7.3097850892648735
2000-02-03,-1.0833223041369684,-9.480033512757661,-6.6449793721146255,5.700251635597512
2000-02-04,-0.23766425533750812,-10.181922348993655,-9.273854661553735,5.1738043821399895
2000-02-05,-0.46467356905139157,-8.727390625922089,-9.421000952714166,5.429755208537845
2000-02-06,-0.8967914376453033,-9.734966692782939,-8.83163528903843,4.784076029213943
2000-02-07,-0.28104181173159193,-8.67808005641574,-9.792995095999261,5.259433317716168
2000-02-08,-0.34990480613067354,-8.549921951614268,-9.106861431972714,3.1410559359010763
2000-02-09,-0.10290492410972513,-9.399431643192644,-7.844371095320438,3.79748423878506
2000-02-10,-0.43569974848936927,-10.856741834207615,-8.77653272329452,3.2363041066135376
2000-02-11,-0.6662522821227044,-12.12452155199625,-9.671937214547171,3.024235674868331
2000-02-12,0.576041685897126,-11.250974864258987,-8.087511169304076,2.816855334422083
2000-02-13,0.47342484246100847,-11.875315561947655,-8.650252395375112,3.8181087760198364
2000-02-14,0.9260074372258533,-9.762264799315018,-9.880366631593098,4.29050197249856
2000-02-15,0.41363707940352357,-9.758984331554265,-10.185138300404086,3.956543187799593
2000-02-16,0.6997604698194411,-9.26867239630619,-11.180564499446561,3.3864796295296453
2000-02-17,1.3034105748058409,-10.838492900683972,-10.257089845615175,4.649707135005074
2000-02-18,0.6494406142625486,-11.580005643920606,-10.377516129272024,5.468046348456941
2000-02-19,2.154588627453486,-11.835507488728222,-9.713315354033028,5.9544830848663075
2000-02-20,1.0919368722362959,-13.344235829439537,-8.361871871885818,4.481596746067758
2000-02-21,1.563852665873484,-15.796288787594394,-9.036610211543287,4.879970035151977
2000-02-22,1.8614336071225424,-14.840724319221447,-9.937100974402115,5.2716159139502015
2000-02-23,2.402925780644577,-13.320711007256904,-8.901936827777458,4.852939766854618
2000-02-24,1.9990015240987056,-12.518343766177862,-9.650462366270506,4.999833729402319
2000-02-25,1.0299092988575413,-11.932293392576799,-9.059000258060061,4.204701524069847
2000-02-26,1.8592113663457868,-12.31940118051044,-9.31644000406648,4.73091503277662
2000-02-27,2.641882130699821,-12.544840518489192,-10.994780642581707,3.3829503061431776
2000-02-28,2.89750025223468,-13.943904401735779,-11.223737355798393,2.5086104550981028
2000-02-29,3.6263811987338532,-15.43723058281555,-10.39410067947253,3.5591203642451155
2000-03-01,3.783503073591257,-13.106232122233006,-11.05267799772734,2.497171273702571
2000-03-02,4.606139506678033,-11.638223312006367,-11.173937697452702,2.559842224436359
2000-03-03,3.419584494005461,-11.002936072090353,-11.744353261354098,2.157574296244041
2000-03-04,2.045685126618566,-10.194851617322527,-12.063019555894433,2.2572670453101367
2000-03-05,2.793987047154078,-10.47656027806857,-11.224985047824946,0.3575325260371012
2000-03-06,2.7275364804011604,-9.987753212758602,-11.025542808124221,0.7010987512119035
2000-03-07,3.28240001315981,-12.552330394981354,-10.284436154632916,-0.5383128823889566
2000-03-08,2.6952597356631047,-12.66953680289455,-11.160550995136417,2.3781387673887022
2000-03-09,3.9111766639375762,-12.769502794662687,-10.092649136814117,3.8598856273586764
2000-03-10,6.287343516365744,-13.138377401732223,-11.615423846193286,3.1496640052317133
2000-03-11,6.197887248972527,-13.440361550061171,-11.430973750291413,3.3023353928464223
2000-03-12,5.030194984717184,-13.085992785595902,-10.29027206298826,3.2914640851435104
2000-03-13,3.265518031669577,-14.260013046871405,-10.098820674488522,2.258614846430379
2000-03-14,3.3625633423223302,-14.291265126187715,-11.59222176151593,1.9996521400782588
2000-03-15,4.1694523319165855,-14.306114630358095,-11.685636509419831,1.521107475012189
2000-03-16,4.959176992534308,-14.178257800261674,-12.164933450850588,1.8022038256164123
2000-03-17,5.5913073694292805,-13.957274291209217,-12.734980871246444,0.3078664891351952
2000-03-18,5.4124266132755325,-12.579690398370508,-13.75591103440691,0.9949660367612333
2000-03-19,3.093699929881397,-13.145745677038056,-14.78187574061689,2.002657572866197
2000-03-20,3.240425658192817,-12.385698619486602,-14.610450308603419,0.5922270400022138
2000-03-21,2.093806802165396,-12.398583328604255,-16.190099195793028,-0.6814133459479645
2000-03-22,1.2017777953837019,-10.235999459270605,-16.571517287345625,-2.0406853773539897
2000-03-23,2.2701527470951746,-10.205612525535706,-17.004441972980967,-3.4782415884182027
2000-03-24,3.2307944695107196,-10.835693473226808,-17.60244830350906,-4.422368513494346
2000-03-25,2.0876250317144835,-10.647180098424327,-17.51622863106442,-3.3414193648349
2000-03-26,3.438807493762396,-10.674410209379241,-16.799888162709625,-3.161789714143423
2000-03-27,3.8510794825441224,-9.742047219594195,-15.871186946061096,-4.1915593386962176
2000-03-28,6.79992359243768,-10.19703628809651,-17.855873422952737,-3.9599715006683485
2000-03-29,5.621982111142515,-10.965430507642434,-17.42492600678116,-4.352657595413862
2000-03-30,3.724984535049321,-11.893893354315829,-16.675412848840953,-3.9458679612104337
2000-03-31,2.760572868034746,-12.761314977656818,-15.819687153574204,-3.8545718463426475
2000-04-01,3.9148542263464847,-13.633078828517124,-15.07581108742381,-2.5402737633879524
2000-04-02,3.734137617687727,-13.858786186299561,-15.629551721470818,-2.301759799126181
2000-04-03,4.7006314328898045,-14.273703997838021,-15.197943957123663,-1.9861079472470657
2000-04-04,4.294730452157578,-13.82493473656634,-15.283480421776417,-0.23386102739944947
2000-04-05,3.0644966120348665,-13.480593554332303,-15.830347684527547,0.6765140864558652
2000-04-06,4.485428814272868,-12.754617261835863,-17.86169271040365,0.8364406665327573
2000-04-07,4.124315926491091,-12.800713616848629,-18.91776383023643,3.5653573136731422
2000-04-08,6.277451918852865,-12.930146246583812,-19.49645773661587,3.6652462420046725
2000-04-09,6.878551002713088,-14.560322588100513,-17.550365364989915,4.091437556747766
2000-04-10,8.02370398332978,-14.67833389651074,-16.545655223176315,3.9516724908701724
2000-04-11,7.698404630236563,-14.101298395953423,-16.74859266833119,4.80748775584517
2000-04-12,7.9592497913135825,-13.332783362035789,-16.877143252336495,6.215207246626757
2000-04-13,8.566061099267394,-11.672891338377573,-18.997294773496268,5.026935758660646
2000-04-14,7.164114006785292,-11.028680633249536,-19.705628504628663,5.12873694636998
2000-04-15,9.241849608878464,-10.845391654038089,-18.075325938411353,4.552038991280702
2000-04-16,9.235153788140828,-10.448492932092803,-17.68246622713689,4.42533536358932
2000-04-17,9.32282039475261,-9.41322557005148,-17.57995113610237,4.450599493737222
2000-04-18,6.849738839214389,-8.79958561387643,-16.47921254972636,6.224684709086569
2000-04-19,8.419332388000278,-8.537937738167743,-17.585736742898398,5.694389434193305
2000-04-20,8.366627009413435,-9.02333723679501,-16.638005411221915,6.127423169680852
2000-04-21,8.9328721006905,-8.725783447091706,-17.216690348300556,8.387636056834747
2000-04-22,9.044762420903803,-9.554515326171922,-16.292397745445513,7.939147534682601
2000-04-23,10.037382614230115,-10.904284954754143,-17.991819967034726,9.257151262480718
2000-04-24,9.81113630083505,-9.504967166797496,-19.35583798597116,9.362000345057368
2000-04-25,10.095868499089963,-9.753300632884896,-17.51857717975887,7.966222491938884
2000-04-26,11.123083733782353,-8.184493843200828,-15.806712706371442,5.261806104104278
2000-04-27,11.551953893321341,-8.039821609720162,-16.185314951328728,4.486354632115403
2000-04-28,10.788927503039742,-7.162379299746162,-16.59737741612793,4.700139308634753
2000-04-29,12.879623711897846,-6.369565472099418,-16.49970210106162,7.497817271073135
2000-04-30,13.453451515550386,-6.514341570657264,-15.080795303965601,4.96828419985475
2000-05-01,12.603960936079217,-7.254468967345371,-16.984186928092946,5.382077125715364
2000-05-02,9.82527493632091,-5.433865278564898,-17.12841746216974,3.8663049985347637
2000-05-03,9.623293309082241,-4.725124979014369,-17.601655248608683,3.134770837819006
2000-05-04,9.874765556623071,-5.841945562492149,-18.69045821659492,2.169375876633905
2000-05-05,9.820806458872529,-5.009227047445625,-17.595528086878303,1.5524859720441977
2000-05-06,9.019061257475736,-5.563294486280945,-17.7406369952797,0.7357518313991663
2000-05-07,11.814180331415097,-4.630760293552435,-19.75703068635803,1.428343364750173
2000-05-08,11.546082034584842,-5.5854580934180635,-18.27603567995886,1.6052025841918112
2000-05-09,11.019411524167605,-7.340079501652463,-17.79338648568014,1.0967886637873008
2000-05-10,10.92649908959244,-5.688493727542135,-18.393160216429994,0.687792854994938
2000-05-11,9.746203434160797,-6.102581584327844,-18.413482142096665,-0.07437872850762206
2000-05-12,9.766767058830917,-5.791698999824193,-17.305022671150763,-0.39543196755395743
2000-05-13,10.54446530926226,-6.339253309710513,-16.732544814076213,0.8389816018620275
2000-05-14,12.066977026120393,-6.781355613447647,-16.793676080440573,1.7858309975678153
2000-05-15,10.365215490681361,-6.446297858504885,-17.831067441014415,2.0039208661164833
2000-05-16,11.05236019598879,-6.071004862699085,-16.45997916221932,1.5547706148826892
2000-05-17,9.584944366254057,-5.380619452647098,-19.51117775153747,-0.654036229447839
2000-05-18,8.272459548796359,-7.653437183073244,-20.42402043429748,0.38824192870965013
2000-05-19,8.098744134977187,-7.380880269402574,-18.878287589457454,0.8027152135635824
2000-05-20,6.300454786737221,-7.058821440290285,-18.19447641530066,0.49788698724304997
2000-05-21,4.498170398578303,-5.622720447104225,-17.285890274114724,0.06306843174923538
2000-05-22,4.956259858790252,-8.503153461154557,-16.811833631920635,-0.6010235335710524
2000-05-23,4.446501042034837,-8.750450388630993,-14.951719107897546,0.3642417887993207
2000-05-24,1.9435599187524524,-9.497423038494553,-15.943297187536551,0.5761336410028564
2000-05-25,2.388482974267857,-9.420387736127845,-18.465746832981253,1.133432679678314
2000-05-26,4.181554256904336,-8.873909068494257,-18.303926037306127,0.5961144841702305
2000-05-27,4.234543241479294,-10.838644477716509,-17.268223615450097,0.7529671664418927
2000-05-28,4.593331697300836,-11.634655406280345,-17.52970483681745,2.549302794997709
2000-05-29,5.02358214629415,-10.727444973664332,-18.945174994897954,4.075802972428231
2000-05-30,6.53445646971791,-9.506502144078475,-18.902239037360182,4.8271356445458276
2000-05-31,8.97766855666792,-8.29368217079647,-18.65338494241467,5.116533993679633
2000-06-01,9.101579694934069,-10.093239923386422,-20.21536584789624,3.390775491780561
2000-06-02,9.008688016913146,-9.096060045143739,-20.216768573304854,0.5510644570843999
2000-06-03,8.527646151998052,-7.807597565567569,-19.393852164823123,0.9394101244021885
2000-06-04,8.032998955472607,-7.216104433570777,-19.2167179546133,1.9452879544198614
2000-06-05,8.424835038334791,-9.211624417420389,-19.113722228849355,1.1612087396132837
2000-06-06,8.75731701030789,-7.933861408917227,-20.136145934280325,2.0900719933058762
2000-06-07,8.775718681165168,-7.750883435269786,-20.957386912244708,1.4175431359906883
2000-06-08,9.745742406301385,-7.152196861956834,-20.394166660896982,-0.6809079895942762
2000-06-09,9.672743893164826,-6.435407651516088,-19.370810267876582,0.0772980592894631
2000-06-10,9.87693872456375,-6.296334541243705,-20.69036653554823,0.5447385799810542
2000-06-11,10.518199531835872,-5.60764501104199,-20.098230233280773,-1.052678979015944
2000-06-12,10.186481356792983,-4.93506071055267,-17.838867309645213,-0.19650396525754277
2000-06-13,10.977207655598598,-4.3958036188673075,-19.14712605013901,-0.41880208512719985
2000-06-14,9.062149011122163,-3.618944182740618,-19.661674343896774,-0.9218514413170883
2000-06-15,8.809895608288329,-4.593165438316258,-20.130994956506864,-0.2471029014243069
2000-06-16,8.999755195047292,-4.153876337151888,-18.861570332792127,0.16470629716431662
2000-06-17,8.21362042433515,-2.851841165079729,-19.376419305019933,0.1874435876046272
2000-06-18,8.820026198862147,-2.62616275646545,-19.695339889492693,0.5026483626562949
2000-06-19,8.726578070324672,-2.370132067218131,-18.889799691587076,0.13866276425338525
2000-06-20,8.07520214127625,-1.2043025469555744,-17.85926945210437,0.43386676517271316
2000-06-21,7.5893843563850965,-2.192369306256747,-16.928181188914262,0.9155306498320828
2000-06-22,8.035888835341781,-3.5755637223651657,-15.494740328978008,-0.7988756915804818
2000-06-23,8.531448279145032,-4.692813322761458,-15.834080267426279,0.0860242436790003
2000-06-24,8.107929589610473,-5.223175335291247,-16.82124549327823,-0.1487260420823521
2000-06-25,7.817209186645271,-6.2875991669673486,-17.190950164201865,1.2052835433935145
2000-06-26,7.372150891359787,-6.386343518577361,-16.997701272912558,2.156838575020873
2000-06-27,5.99064067598816,-6.203051293184805,-17.98404158877046,2.4969657151688907
2000-06-28,4.692669687651783,-7.34403831800075,-18.294409698071846,2.3566862561638744
2000-06-29,5.973080809560038,-7.4412582105795,-17.678106833938983,3.3960855241932313
2000-06-30,6.102710876021086,-9.156709091036376,-17.423401409650868,4.612324076682979
2000-07-01,7.1384666239657975,-8.331427453722807,-17.803207197625778,4.274746013428565
2000-07-02,8.861103473560577,-7.408256695460186,-18.17211427878495,5.459817651937599
2000-07-03,8.641067279011404,-6.169945369244673,-17.866590897854095,5.371333889968513
2000-07-04,7.812877165512042,-5.287738289298616,-16.144066084252632,5.343860231345012
2000-07-05,8.268601847443453,-5.584797981365798,-16.47215492505221,6.241853760912077
2000-07-06,7.408224253287438,-6.582416860663032,-16.38414239998767,7.254486175806743
2000-07-07,7.230028429349666,-6.5442077359725985,-16.82554308767256,7.506366162038756
2000-07-08,7.220616179964954,-6.029353662987783,-16.625008414091,7.562686383101879
2000-07-09,6.424226972094017,-7.7686147980356255,-16.645736839899048,8.89516380515363
2000-07-10,6.936519109458947,-8.185903962730162,-17.915685919875376,7.85075903784627
2000-07-11,8.102124964786888,-9.42048218454619,-18.427227706186365,8.825074818058182
2000-07-12,8.458222514804312,-9.771965273869414,-19.949713943283733,9.291621970231676
2000-07-13,8.650012520723385,-10.608767467925407,-20.911375817951875,10.677231389329252
2000-07-14,10.156975409837939,-10.349378109569901,-21.5806611000701,9.670797976582861
2000-07-15,11.067464641160516,-10.541400822046262,-20.70842653752033,10.875811870747619
2000-07-16,9.76631907361785,-11.069468091082362,-21.371007436076674,11.11250744787526
2000-07-17,10.141850710048644,-9.445676746381732,-20.892825576694666,11.585662514688249
2000-07-18,10.39111914532,-10.884375309179193,-21.053344514577553,10.750944163845817
2000-07-19,10.650246901063321,-10.209629393097867,-21.217989841785965,10.24353373963605
2000-07-20,12.268025367784555,-10.892634399907113,-20.52126944886293,9.134107075338566
2000-07-21,11.140837526344948,-10.45861708068839,-21.569227718245664,8.760626498488508
2000-07-22,10.118389659731688,-10.625292356747474,-22.62240863508254,7.675900473673255
2000-07-23,9.846643340834317,-9.325539420217698,-21.59992079933066,7.132718352126905
2000-07-24,9.259782604678904,-7.690826469783599,-21.081573629080214,7.185832912033155
2000-07-25,10.799723444186087,-5.867690756530569,-20.596773465548996,7.438752936428028
2000-07-26,11.431014857195345,-6.077350764716976,-21.08748609660293,8.278556600423034
2000-07-27,10.998437903102273,-6.622745111747483,-19.884557780359145,10.164228813023335
2000-07-28,10.391327116991086,-6.223742055757595,-21.1604778909872,9.68209765804354
2000-07-29,8.87232020725405,-6.362282935437246,-21.874396906200108,9.041692829824456
2000-07-30,9.393921236116064,-5.794665230521045,-21.500501895575102,8.970109722069765
2000-07-31,7.927792116594248,-5.250786985186597,-21.655269897567194,10.045045941862737
2000-08-01,6.412593508258443,-4.970210458248113,-21.301038490706688,10.28620660678751
2000-08-02,5.872887270592099,-5.360387584611033,-20.222382434369273,9.058136758469084
2000-08-03,5.237558140126914,-4.493047428126657,-19.82279040536793,8.608664925157475
2000-08-04,5.384709079468717,-4.376706687620472,-20.834401561217106,9.451622676345625
2000-08-05,6.166263103946082,-5.7660333653582905,-20.639994477357565,10.331768766089871
2000-08-06,6.377242008113817,-5.956660663390983,-20.740995476801395,11.83649613225005
2000-08-07,7.309409583114912,-5.270433691761322,-20.851756789194546,12.373764396362002
2000-08-08,7.640665640237797,-6.653520697760938,-21.746777499470593,13.055360160591801
2000-08-09,8.435875596275121,-5.606124713229349,-21.000582053878258,13.5255427353283
2000-08-10,9.479503910052037,-5.919907254019065,-18.784662175498983,13.222764132321988
2000-08-11,8.687298859422963,-7.135267355449662,-19.604751958673585,13.24900014379263
2000-08-12,9.226534109476592,-5.463828874035262,-20.13513352553784,12.388906663900032
2000-08-13,9.399346423032068,-5.638855301003229,-22.150740841101534,12.819299252171085
2000-08-14,9.297362672168443,-5.291125923955462,-21.641934388190364,12.752427584075052
2000-08-15,9.38666437037823,-4.923612821822365,-22.115279125328925,11.078356840801995
2000-08-16,9.731106138115798,-5.545666587157102,-21.167537395848377,11.228092178718114
2000-08-17,10.646955972440827,-5.65364942403546,-21.380473525426883,10.289959451987515
2000-08-18,12.501057830656915,-6.156892176612997,-21.085330262975944,9.946354751791695
2000-08-19,13.363678793727127,-5.577469920197024,-22.506637750584034,11.100846037148933
2000-08-20,12.340531185082702,-5.181553966639003,-22.372387508166813,10.94135970473744
2000-08-21,13.301577646113293,-6.635480103780964,-21.34792526315601,8.604926528477817
2000-08-22,13.85397486944011,-5.860688092032649,-20.331471101311138,8.757123698478228
2000-08-23,13.374766368165373,-6.449397730974498,-19.51056739495574,10.71756770610534
2000-08-24,14.39890562451077,-5.756081242857139,-20.249414432431372,13.362003228222736
2000-08-25,14.721666455120548,-7.786837178158988,-19.90695670068798,15.630644724105192
2000-08-26,13.150623541635087,-7.907513183792016,-19.53041943208744,16.03758125656713
2000-08-27,13.253702973531796,-7.242410308050719,-19.88204604297464,15.384089269094863
2000-08-28,13.620568802952501,-7.086611108920588,-19.117325747895276,14.898231604327288
2000-08-29,13.518035786625495,-6.057010883820139,-19.714876378838916,15.420559429847772
2000-08-30,13.906799832234622,-5.597498128004981,-19.886775371021624,16.056673872738937
2000-08-31,12.089085193153888,-4.370412283143083,-20.02640939116811,16.664127445797547
2000-09-01,12.564373729668896,-4.3216337052515215,-18.58188399585403,14.752014042160907
2000-09-02,12.047689970384745,-3.4878219323559843,-17.25121706673471,13.090084453321102
2000-09-03,11.974466025469045,-5.932910072843603,-16.862458242803143,12.428862894371335
2000-09-04,9.236435382962348,-5.699846175818123,-15.391916548493871,12.563017726153886
2000-09-05,10.482847829448822,-4.029963441649414,-14.897024489462556,12.828851439605113
2000-09-06,11.618670130819492,-6.730261439766751,-14.399592798704182,12.10258307951543
2000-09-07,10.424364648942008,-5.053034034921626,-13.709168407369523,12.302021058422513
2000-09-08,10.465238444013531,-7.579301186877677,-14.377271315540321,12.550652084796884
2000-09-09,8.380876889180438,-7.077837770231395,-14.445316184130974,12.18862204849826
2000-09-10,7.693584578008264,-7.894330489618024,-14.339487209390413,12.831382831118333
2000-09-11,6.873050247502739,-8.936651613374933,-14.409799733807526,12.437337440198446
2000-09-12,8.038962259156195,-10.614881542591478,-14.091344083637438,13.465335499270722
2000-09-13,6.55917122566203,-11.164764922526228,-13.030771484305408,13.421430124401585
2000-09-14,5.312037518173289,-10.74615294387377,-13.127099923547403,12.910849534846347
2000-09-15,4.529718397965826,-9.87028358154535,-12.668199891839398,14.327936830363887
2000-09-16,5.541282762469766,-7.9528177755348075,-12.590466360470755,17.095825137842365
2000-09-17,4.228141667722673,-8.96117015215178,-13.250817691186054,14.939165754069371
2000-09-18,5.56144235394251,-9.018931588866383,-12.910495337053453,17.713248237654042
2000-09-19,3.9686553934959488,-8.174889973372549,-12.234547569049079,19.251220661185915
2000-09-20,1.8951517196201118,-8.919226833788633,-12.681033917441708,18.600163012980524
2000-09-21,1.6489199470195126,-8.451146917719544,-12.580682746160491,18.68982140997434
2000-09-22,0.3807334440992729,-10.762516921010917,-12.483692043751761,20.083859344014968
2000-09-23,1.4537337818441425,-11.89704500811036,-11.995940981037233,19.78741120644466
2000-09-24,0.9042694394455963,-13.644244163181586,-12.255499928372283,18.183423160410193
2000-09-25,1.5749962302167404,-15.022954373687606,-12.244911285088293,18.82169784648669
2000-09-26,1.8965635287333704,-14.454113112046251,-13.619584424505716,19.08836832142488
2000-09-27,4.042925007865909,-15.550507016962431,-12.777588466013318,18.896998056176365
2000-09-28,2.956920361915631,-14.700519053354341,-13.37092715725588,18.31263090742723
2000-09-29,1.9318536679777467,-13.309163516237422,-14.04911394109118,17.467745309605938
2000-09-30,1.0689687167901147,-12.325395183390464,-14.05965776632828,18.888933279677186
2000-10-01,0.8868772760115602,-11.24110144970305,-15.022869290537411,18.110615948720227
2000-10-02,-0.12786252976577517,-10.503168480171443,-14.486289091986764,19.75435670972289
2000-10-03,0.2584510444042138,-9.965002432019704,-15.065016073073835,20.9721478241437
2000-10-04,0.229896711633161,-9.363490362571197,-16.2806789629591,20.755753733287847
2000-10-05,-1.9518356755411048,-8.260523137215461,-16.677415214195957,22.733203918877056
2000-10-06,-2.604754769227894,-8.726265731782952,-16.799070817508774,22.56324876839397
2000-10-07,-2.1315846629441486,-7.938698543100445,-16.727944811374055,23.03776185393263
2000-10-08,-3.256452452570983,-7.354007504942662,-15.791298777172239,22.325603485325853
2000-10-09,-2.9868438079343416,-7.525635039452258,-17.04029363027727,22.894575215368594
2000-10-10,-3.101393954882548,-7.061208129654586,-17.905534530500546,23.25506832166119
2000-10-11,-2.859151967324398,-6.954792581596576,-17.595608084801512,23.25962319496801
2000-10-12,-1.3420180349055981,-6.276366463753318,-16.618571519798955,22.261812292359195
2000-10-13,-2.841672612833702,-5.086542672483278,-16.8086905995623,23.317244397773916
2000-10-14,-2.1125977018454627,-5.562811518662831,-16.6167546267364,20.939491665607417
2000-10-15,-2.5563926578720304,-5.695904922669151,-16.56522255169717,21.904755382448446
2000-10-16,-2.949919796731297,-6.2425967586398095,-16.112715368445507,22.416560830888894
2000-10-17,-4.482300516220515,-5.284392191345719,-17.90059847121654,23.08270802924088
2000-10-18,-4.697551979864532,-6.931086424204036,-16.359699036967587,23.1632825061073
2000-10-19,-4.8358025474743895,-5.451772736158972,-15.894233134080498,21.642896222162655
2000-10-20,-5.865461043908269,-4.821289771490894,-16.656893504036365,20.6188611623332
2000-10-21,-7.189464486818882,-3.883293530508232,-16.329928724340462,20.4377805247224
2000-10-22,-6.224098016499343,-2.6912958598327545,-16.051137478267666,19.92143600865334
2000-10-23,-4.008338326703282,-2.222766504654668,-14.077242189091354,20.424679908810962
2000-10-24,-4.246908082030954,-1.1693456171858314,-13.614380078812397,20.982839407643926
2000-10-25,-7.224745028786433,-1.5982797545943084,-15.289858241415306,21.416112035885025
2000-10-26,-7.775329431302041,-2.4873331803313343,-16.099152586008067,21.332206641097365
2000-10-27,-9.42297666895508,-2.182265804687431,-16.965272761462955,21.66230161219864
2000-10-28,-8.404824763110257,-1.8955131881827407,-16.251226191563386,20.509647043377065
2000-10-29,-8.329298875760333,-2.1732339269858527,-15.943101969403957,20.389082416358658
2000-10-30,-9.35814795976568,-3.406734798538945,-13.744734657380516,22.07280819635038
2000-10-31,-8.633769851719608,-5.694810752167339,-14.05094943364816,21.52958505066266
2000-11-01,-8.885531981427263,-4.062380905185465,-13.726879852607155,20.417015101360676
2000-11-02,-8.17108446120263,-3.0283547249625484,-14.111455363381207,19.36894361248165
2000-11-03,-8.800456700601538,-1.143720897425677,-14.093616671880024,20.61761477260867
2000-11-04,-6.536863560319851,-1.723319211632445,-13.41844289050677,20.29023279842468
2000-11-05,-6.7044458259183015,-1.7010376327335612,-12.479559056524486,19.605847092592512
2000-11-06,-6.986011733272075,-1.4583584998074075,-13.202789210747607,20.186141624584216
2000-11-07,-6.150693281888143,-1.8517887085089084,-12.471348519416905,20.68688192184011
2000-11-08,-5.95633905989047,-2.9519237021981013,-12.97944512290832,22.619392568763033
2000-11-09,-7.803011578994135,-4.546759534707105,-13.800051925250537,23.245416747165855
2000-11-10,-7.784478598952202,-3.5480791188946177,-14.187059141483772,21.56202327025942
2000-11-11,-7.6445145194021755,-4.096160658414445,-15.79325119311311,20.537329473928388
2000-11-12,-8.358136719956311,-4.089929700148999,-16.67551348225997,18.263688771184878
2000-11-13,-8.651909826345486,-3.757878902565937,-17.114778337832803,18.33076338689253
2000-11-14,-10.251362297657122,-3.4495663053790353,-17.58878380978647,17.717940469077075
2000-11-15,-9.932320710069902,-2.6791480024532888,-17.59961310271402,16.74597387199901
2000-11-16,-9.005863276265739,-3.3161069335120925,-19.690176892055355,16.60057087495717
2000-11-17,-8.03799541086195,-1.844399595849703,-19.788541944880752,16.65691910198789
2000-11-18,-9.036946975826668,-1.8220001459970374,-19.79629568317519,16.542128396214192
2000-11-19,-8.540405840095884,-2.467792128622362,-20.46556638664338,17.557919031798903
2000-11-20,-8.853583861348222,-2.7409690254994636,-21.773045639604426,18.445124402399788
2000-11-21,-8.1615208329312,-1.8819023369552268,-22.317882082940844,18.822754650619412
2000-11-22,-6.864039438942317,-1.8718791626029565,-22.423834333665482,18.69556487054404
2000-11-23,-7.058565834574201,-2.681931704621446,-22.245832710788065,20.232167852878394
2000-11-24,-7.622617321049529,-2.939273198335726,-21.487435078862433,19.34060192401489
2000-11-25,-7.317751264961828,-3.094478548007826,-20.926719394750194,21.099543288608942
2000-11-26,-9.326289204599579,-3.5697502397118477,-21.519213478255267,23.223378338587796
2000-11-27,-8.434153514401592,-2.5885355938292327,-20.008026949036687,23.958178797190385
2000-11-28,-7.038292750887674,-3.520898816804052,-20.330628733036786,25.559292154414276
2000-11-29,-6.580036358725421,-3.1352117092629923,-21.170510156386275,25.830481852833753
2000-11-30,-6.084211505293294,-3.8877961481283623,-20.446280138184633,25.485369882613536
2000-12-01,-6.893287302828094,-3.1832310410789564,-18.603324548687258,25.0438142289486
2000-12-02,-6.406781167001898,-2.7018110432202302,-17.453349878437795,25.79597869584426
2000-12-03,-7.583395482647511,-1.444773611463526,-16.646957047096322,25.603807257930054
2000-12-04,-8.568906793155113,-0.07903460614404723,-15.966161074530067,27.490293338539608
2000-12-05,-8.442158042800529,-2.526343108330508,-13.94548371267132,26.33014487240552
2000-12-06,-11.022809312629208,-4.259631261929652,-14.102630763516625,27.613627860469784
2000-12-07,-10.838107001397601,-5.239809634148721,-13.657183194134774,26.119489059671807
2000-12-08,-10.449190700537097,-4.476015848142628,-14.424735264771684,26.511700778047324
2000-12-09,-10.627775153613165,-3.412553789603627,-13.314970022066781,25.596743115588197
2000-12-10,-10.429883780939733,-1.3885985072798839,-13.172348605316742,25.93836134515155
2000-12-11,-9.83289782945615,0.5215809963570539,-14.788706698143768,25.397307691433852
2000-12-12,-11.25935419619056,1.7928591905243145,-16.482105815435894,25.20667225493255
2000-12-13,-11.725832913080131,3.339954321472417,-13.803057246104464,25.6205935272394
2000-12-14,-12.126220191791354,1.3897734883357453,-13.05178231224421,26.163727005947177
2000-12-15,-11.837193289562403,0.46458421057820976,-12.87934075625501,27.09246934910411
2000-12-16,-11.476701866734203,2.2770301969191786,-12.762154996676806,26.129350457801056
2000-12-17,-11.658674364479868,2.5224722076010457,-13.989877051057297,26.739447865555267
2000-12-18,-12.9092970095895,2.690364726733238,-14.360265328937357,26.517534856899417
2000-12-19,-11.579315366583716,2.322346263908918,-14.203029450038681,27.01122723506014
2000-12-20,-11.960973275689277,0.926377873835255,-14.239806305661547,27.478126938111703
2000-12-21,-11.980817140239267,-0.768919823386391,-13.770518298563214,28.562414628433164
2000-12-22,-10.944914088924824,-1.2438052399455009,-13.66642297007556,26.90728198407998
2000-12-23,-11.714151728610045,-0.7007570909977666,-13.057407478794406,27.66970150404849
2000-12-24,-11.70500962388606,-1.667856824492659,-15.378450636858094,27.215754820740713
2000-12-25,-11.870222427567228,-0.9780936446132665,-14.74063622140868,26.047127003606185
2000-12-26,-11.722314841610094,-1.6715914240008334,-17.537750384180836,27.600184397976914
2000-12-27,-12.354319979614516,-0.48682689633305043,-17.624610597126217,27.90847421104611
2000-12-28,-11.51420631973003,0.452734527999309,-18.196044180594868,27.965797162926037
2000-12-29,-12.195586586308227,0.5962838294472486,-17.65413132621174,28.434625169647003
2000-12-30,-13.058924720964578,-0.1413655693583976,-17.666299243582483,30.06174965831989
2000-12-31,-12.806878172416827,-1.2002812250153374,-20.24157980651474,29.043590144815663
2001-01-01,-12.252590364875967,-2.075594491759147,-20.60175486594136,27.533538748604887
2001-01-02,-12.690401060169938,-3.2870990045693493,-19.87594682812282,28.251979083883
2001-01-03,-13.151000392896773,-3.9924790180611716,-19.046225994584216,27.487517913556104
2001-01-04,-11.983013796017229,-3.366869427191975,-19.756539001942347,27.82171786458446
2001-01-05,-13.242048100722444,-2.534511522346189,-20.498529529255897,26.92071278358773
2001-01-06,-12.712009674019392,-3.8540991257426835,-21.230484349441635,27.61602787858051
2001-01-07,-12.502520398843593,-4.781539662068429,-20.379305823936214,26.309164946894573
2001-01-08,-11.742566239315144,-3.116938556578366,-19.456390619833503,24.708282976572033
2001-01-09,-12.776285888494472,-2.60282106065272,-20.438624978195367,25.323321176026873
2001-01-10,-13.71293547243011,-1.7147275492682137,-17.667561618784198,24.1608881147173
2001-01-11,-13.862649668234162,-1.2058942793773941,-19.6282341353437,25.295998046368652
2001-01-12,-13.442106627408354,-1.9292141923918926,-19.76683796519887,26.110701163313824
2001-01-13,-14.570042052585919,-1.646057151175596,-20.409782998602903,27.409694224257485
2001-01-14,-16.400149571773962,-2.509155777575877,-18.84821234442747,28.137640109791768
2001-01-15,-15.44422045181677,-3.809475378694207,-17.635586151469585,27.087876345378287
2001-01-16,-16.20534370231213,-1.947625901340203,-17.017563527751285,26.78948103990028
2001-01-17,-16.571542704181926,-2.661356874953486,-14.925851700611194,24.23665556956263
2001-01-18,-17.101026121097636,-1.3913169205384608,-14.579713377490437,23.545299419523367
2001-01-19,-16.47148540407177,-1.0852540541182714,-13.914594508274043,22.219316325985602
2001-01-20,-14.174036844576932,-1.6284386501594101,-12.968303110619939,23.48337038890376
2001-01-21,-15.084592584986137,-3.819806742404478,-13.074562186128489,23.56861818911691
2001-01-22,-16.59549576605813,-4.082761747749494,-13.416299834543253,24.08462471871493
2001-01-23,-15.301906125195783,-4.445238874345606,-12.356623196619648,23.31543889293087
2001-01-24,-13.20298358932217,-4.664115839511309,-12.19322131314442,23.336474553381105
2001-01-25,-12.941150483399017,-6.617117006680693,-12.45706701687381,22.461737988557463
2001-01-26,-13.090590603256336,-5.6422912270197525,-13.20970604864835,21.766836616234773
2001-01-27,-12.954182690365624,-6.146055670584542,-12.575381603746681,21.571121427043263
2001-01-28,-12.228517336660277,-6.110166705531146,-12.60129584569335,21.584929002483154
2001-01-29,-11.797758214143887,-5.8680034951247855,-14.077946266192265,21.651232181430366
2001-01-30,-12.445966497211153,-5.658299567782917,-14.934408635366369,22.02694008522821
2001-01-31,-13.003070040657432,-6.902154791688204,-15.498601691358955,22.74373541780348
2001-02-01,-12.98901942083006,-5.5051445737420455,-16.00942066982612,24.253099662066973
2001-02-02,-14.290592526917651,-5.906012132236412,-16.689424763259456,25.266349670823306
2001-02-03,-13.449240452706162,-5.874489935521892,-17.369834080083592,24.389683486261376
2001-02-04,-16.025160500908957,-5.831585803520505,-18.398759546084452,25.26774055974971
2001-02-05,-15.315642656235312,-5.818972532003243,-18.379666495923992,24.105118186296735
2001-02-06,-14.406725432709166,-6.491559979247348,-16.475447288341858,25.907142483124886
2001-02-07,-13.781247000602615,-4.606273445435754,-15.569725932085577,26.937534374002553
2001-02-08,-11.628485957986936,-4.151307068620613,-15.476891928583568,27.3892671218827
2001-02-09,-11.09472076782893,-4.9420541795631205,-15.172594385840195,26.73511865352072
2001-02-10,-9.896455093512452,-6.705548635104474,-13.247457729063921,26.359841307556913
2001-02-11,-11.32251970720288,-6.498539050056632,-12.408780800663331,25.630421697437264
2001-02-12,-10.766727907572868,-6.330497167238873,-10.58109292882446,24.729990881153704
2001-02-13,-10.116193086978935,-5.2425167596595506,-10.73517132347153,23.36082594327148
2001-02-14,-11.564112643565496,-6.051873294432284,-9.864916448431934,22.078901710240782
2001-02-15,-11.75512854270443,-6.310222712396113,-8.527751334616074,21.812890209108826
2001-02-16,-10.453505596483353,-8.628899920199121,-6.839038333148038,24.120345909029567
2001-02-17,-9.373221931007857,-8.60449719433296,-7.119159989579032,24.98556484700868
2001-02-18,-10.067828551921355,-7.361415559326077,-4.125177017916719,25.890228601301246
2001-02-19,-7.739795620150982,-10.423286161695128,-4.106969949759275,24.737112290518358
2001-02-20,-7.5161641618882715,-10.611679121755342,-4.956628418079493,24.18094349016003
2001-02-21,-7.744335976033382,-9.298386297360054,-4.56684210256082,23.102196505051978
2001-02-22,-7.106615155970646,-10.339860641154717,-3.675070978969008,23.842480822648138
2001-02-23,-6.973229846888013,-9.62242003984125,-3.130834577310573,23.061452063443408
2001-02-24,-8.235480231779729,-8.766565703684126,-2.814587512953945,23.698200762928565
2001-02-25,-8.464946603664249,-9.019245718097961,-2.150977845208028,23.386408722586772
2001-02-26,-7.570753008261737,-11.292582482036368,-3.4801038298312443,23.519963296413874
2001-02-27,-7.635356034193664,-13.128463742567163,-5.715900830059844,25.3333753932371
2001-02-28,-7.037012671345328,-13.72242749887404,-4.910379966838791,25.470171134208243
2001-03-01,-5.4487430202618174,-13.012392002179244,-4.567149279311679,25.531797305983698
2001-03-02,-4.487579036373459,-13.963278399724965,-4.699475349106471,25.17555961691089
2001-03-03,-5.121130549755654,-14.340494136651495,-5.068869943619731,24.760031235402142
2001-03-04,-7.838525002403733,-15.056201954681486,-5.768622072480532,25.510727359261313
2001-03-05,-8.623660646080591,-12.564179156815925,-4.903856042516111,24.994658518131587
2001-03-06,-8.566205754065678,-12.874607423897336,-5.401739361815762,24.729828202787033
2001-03-07,-8.609941557736857,-13.20227809475499,-4.8677090350190015,25.000069090662826
2001-03-08,-9.479157347532015,-13.615905346011152,-5.139936270799183,24.77122976190188
2001-03-09,-7.8582635330911215,-14.628141979734199,-4.344551094090494,25.141722946044535
2001-03-10,-6.031237167548779,-15.244797384339114,-2.842306944861671,26.27560625301553
2001-03-11,-5.573483236175226,-16.089546680670093,-2.3359904487261063,25.442667462511434
2001-03-12,-5.244630940658175,-17.07093467230778,-2.2686808108949483,26.604811417706053
2001-03-13,-4.495340970971506,-17.151041724597675,-2.4133458345710603,27.35862225664103
2001-03-14,-3.7494938255879156,-16.6562976897547,-2.8284011118198222,27.99104921028499
2001-03-15,-1.9176683629884752,-16.55915098823486,-3.5030533468173224,29.822605738582325
2001-03-16,-1.3292060661703946,-13.765469814190737,-4.570803906216891,29.860371869104032
2001-03-17,-1.6113466689394684,-14.51487359322644,-5.2985851119744245,28.91069026491643
2001-03-18,-0.941319955948084,-13.642644855451751,-3.7738945505221233,29.65012527571765
2001-03-19,0.5417602163195527,-13.76471114448603,-4.9555835658033685,28.74592973229338
2001-03-20,0.31224919116321914,-13.878054615805773,-5.249220043879243,29.142151788449404
2001-03-21,-0.5301925128767708,-14.63373244493857,-5.263354910289903,27.239736807522263
2001-03-22,-0.4100632528041858,-15.610965977820795,-5.138000066832288,28.142364272097492
2001-03-23,-0.8445861866783156,-15.669604312614748,-6.702385389602021,28.232352954935145
2001-03-24,-0.680905141365949,-14.521939270343445,-7.0521357635052455,27.975825752879395
2001-03-25,-1.0315367031713323,-12.938883205189171,-6.481102741682118,28.106572071534853
2001-03-26,-1.4270976986773585,-12.646776282293148,-5.754293398132281,27.465174379090282
2001-03-27,-2.6309484721948975,-12.027609115487362,-5.420350929666258,26.710271875891507
2001-03-28,-2.5544850140273594,-11.402243782687092,-5.325886459232699,27.330905795622066
2001-03-29,-2.611643169169208,-10.50766944470556,-6.277693833040753,26.712931323925233
2001-03-30,-2.972664575944557,-9.416328023611825,-6.7711543911607,26.35584078615022
2001-03-31,-2.711486742076572,-8.765179564785447,-7.574326603548464,25.871171125251337
2001-04-01,-2.6018510448492256,-7.662406202720788,-7.948207770550648,25.6460445365449
2001-04-02,-3.616321429793053,-7.218457133900611,-8.159970467473945,27.163799093472754
2001-04-03,-2.662449297112969,-5.846451456761603,-6.341480699709596,27.219108692680635
2001-04-04,-3.940693415022207,-4.691298249299903,-7.260796835898004,27.463600701831307
2001-04-05,-4.72063960346704,-5.730810412854751,-9.706914254442431,27.2102011993407
2001-04-06,-6.357486355653951,-6.363390978166355,-9.964561357824065,25.081555288186333
2001-04-07,-5.645592736859669,-5.1986290670301765,-10.004438966098919,25.88367580280051
2001-04-08,-4.689985711472961,-3.7773317113534755,-9.39920077477829,25.51457011955412
2001-04-09,-4.638240063667587,-3.334058691446947,-9.421789569989581,25.813039027423965
2001-04-10,-4.424861057749454,-2.3664881420939863,-8.501272980549603,26.44351869287114
2001-04-11,-2.965098288546307,-3.914628784944373,-9.519920845342238,26.933349081884163
2001-04-12,-0.40305283949138415,-3.653570346181742,-10.841586867279437,27.149931901928465
2001-04-13,-1.7451609712775222,-3.8056312908790484,-10.173643238358402,27.991527989314747
2001-04-14,-1.866138981546119,-2.8102847957998316,-10.487997589314155,28.823264593490848
2001-04-15,-0.0097773893408577,-3.559938568887606,-10.41394210481238,29.89428456211411
2001-04-16,-0.18962883279979953,-4.553161954709774,-10.77883809415462,29.298191916107452
2001-04-17,-1.5677716356470015,-3.6378825917683644,-9.383156383837532,29.36411415705565
2001-04-18,-2.691334492537218,-3.4391282607345204,-9.381294015639703,29.822395363027713
2001-04-19,-3.295714289771195,-2.924866395706454,-9.227295458535652,29.893246542338368
2001-04-20,-2.231320801191845,-1.909672712704316,-9.371972219430413,28.85803172357115
2001-04-21,-1.1113270211515323,-2.2054531146019123,-7.810915036508825,28.997662869504417
2001-04-22,-0.7836011104895335,-1.4161649166506924,-8.027616717302713,30.83948419086588
2001-04-23,-0.14209857642310264,-1.1994657570837068,-8.802362802819845,30.910071721363472
2001-04-24,-1.1584501903899032,-0.8336531330287524,-10.177474250626389,29.94335341625024
2001-04-25,-1.944453769565878,-0.6444195094399674,-9.372666474688144,30.591866850831522
2001-04-26,-1.445852829364564,-2.0087092386912255,-9.391479428627902,29.888360354115537
2001-04-27,-0.7938303739352881,-2.2081764701199913,-9.86399916988736,29.564173868339175
2001-04-28,-0.6100985607199351,-3.302021063173445,-9.122756159225446,29.722374898491328
2001-04-29,1.2101020176912676,-3.801035739608659,-9.204496055391092,30.84723740099476
2001-04-30,2.309658040490033,-1.9532282196710882,-10.969486418595483,29.88597239595092
2001-05-01,2.877292527202905,-1.6407542636089651,-10.740570135487287,28.680825750821562
2001-05-02,1.9979420592024242,-1.2653651476392116,-12.195653399457107,26.842061203518128
2001-05-03,2.3076260959145554,-1.7299313759749964,-12.758165970202306,28.34865533253065
2001-05-04,2.283733305089972,-2.441231403316176,-11.261550616886739,29.963765178085257
2001-05-05,2.5135991309811723,-2.5002420495614825,-12.51748623304883,29.861176826461733
2001-05-06,1.5636437926516797,-2.2895590884831805,-12.086887983888953,28.884825371377083
2001-05-07,1.6457987657477238,-1.419101698604686,-13.049848193367964,28.815189736145882
2001-05-08,-0.5857932327707751,-3.2813588528563473,-12.040987331905908,30.288074658200667
2001-05-09,-1.2101929971086445,-2.007042087848458,-12.563244824756904,29.02596780807497
2001-05-10,-0.7845286541958241,-2.9528639721470586,-11.190350846594725,29.132448508846778
2001-05-11,-0.5799410639806498,-3.8403668326471223,-12.201031688434007,28.322161370310575
2001-05-12,-0.7426350337843397,-3.9259202516248632,-12.620237512328561,28.08117545010885
2001-05-13,-3.0679363582177808,-4.283073884679946,-11.721527777393428,27.57703400741206
2001-05-14,-2.584386547343984,-3.157183353771096,-10.665239207895116,27.296634303768055
2001-05-15,-3.6700647311433006,-3.680173389711146,-10.653391481021483,27.105194998052315
2001-05-16,-3.8555317266862175,-4.126145243672264,-10.412286063561318,26.405270856986238
2001-05-17,-2.4201503312261523,-5.314280068802429,-11.121205517828695,27.09144429131329
2001-05-18,-3.207675051342091,-6.805866876855966,-11.042472190762034,28.336519210209314
2001-05-19,-3.4196033489096873,-7.59829983620688,-11.282685953313331,28.208726619048598
2001-05-20,-4.871303259579214,-8.23352099134072,-12.308204977633437,28.855320374932543
2001-05-21,-4.613059655142267,-8.625649243111821,-12.502101816623448,29.404128817569212
2001-05-22,-3.3056404358009686,-7.979003550018268,-12.740099786032117,29.681710277707477
2001-05-23,-3.1434341638221723,-8.556608218100596,-12.889036902027984,30.28605872016632
2001-05-24,-4.289717245753179,-9.262353155395989,-14.262788455171933,30.896276454891186
2001-05-25,-4.929005686435053,-9.953214954418394,-13.757513345350592,31.087237119423158
2001-05-26,-4.814028014785389,-10.838235293054101,-14.568805136310804,31.673804561443852
2001-05-27,-4.998349129591078,-11.127968362451696,-13.104279307747817,30.87511356250794
2001-05-28,-4.266037315386631,-11.42378749904787,-12.653912114263022,32.56089256367928
2001-05-29,-3.1276113316519405,-11.835230557814537,-11.840641634279818,31.110695581098405
2001-05-30,-2.0877896170640815,-14.25749479046287,-11.369309580466483,30.08550919538232
2001-05-31,-0.9545069142762819,-13.802235088029734,-10.909873652897954,30.772759128279972
2001-06-01,1.0539147505755324,-15.14851045709243,-10.098124022175249,30.02026573715538
2001-06-02,2.2683152413337773,-16.45890170287596,-9.609531391521749,28.656784312634713
2001-06-03,0.9294058011164863,-16.75519087567842,-8.897503128292763,30.038367524615584
2001-06-04,0.5019195621792233,-18.4500460108867,-9.731932315110912,29.33701997114536
2001-06-05,1.0593539995392582,-18.83538946025074,-9.785644772335468,29.102712320855197
2001-06-06,-0.3137169698893709,-19.030746084990916,-10.586117536830391,30.130331286512842
2001-06-07,-0.4467395473535093,-19.82853168981949,-11.36871454812343,29.95916687224578
2001-06-08,-1.4073793699854762,-20.533014523052703,-12.694648743565676,29.938522602955505
2001-06-09,-2.0321045329071694,-21.034129125757147,-10.927869337924383,30.069776820950548
2001-06-10,-2.654961177835939,-21.043383134083392,-10.873805539908679,29.71104954063411
2001-06-11,-3.4106779142948254,-21.214851039015468,-9.916833788790385,29.780498896981687
2001-06-12,-1.8612721450514749,-21.73046177709582,-10.338762357796686,29.397147795929452
2001-06-13,-3.5034942359379726,-23.064672065276742,-9.599163018231643,29.19432317539128
2001-06-14,-2.000561843684546,-23.099961688945744,-10.760911155186943,29.57636888178177
2001-06-15,-2.829713474762859,-22.623181035419158,-10.620030929193154,30.192172688565364
2001-06-16,-2.8765640098838317,-22.11666528218425,-9.883245078433275,30.105968400530433
2001-06-17,-4.718494696129676,-21.726788393034916,-8.288764073777632,30.957281104822407
2001-06-18,-4.407311600771686,-21.061665336394153,-7.223108375500571,31.034041182877765
2001-06-19,-4.70831338123099,-19.87706465137916,-8.484376529020372,31.013678750968417
2001-06-20,-5.795789991771809,-20.842832991545315,-9.302685866315622,31.623064249467802
2001-06-21,-6.268063806434095,-21.54927576639581,-10.147830276292217,31.38188774528743
2001-06-22,-5.408438135262714,-21.496305822777526,-13.129393432406768,33.007485877621455
2001-06-23,-6.218599050836734,-23.36818310924639,-14.439269529036013,33.1424964119014
2001-06-24,-6.340943296872862,-22.5681538467176,-13.037909266663156,32.170252131362055
2001-06-25,-3.8062943324092995,-20.258716136453057,-14.574524876270633,32.311260255115236
2001-06-26,-4.191553942138259,-19.25304499053961,-11.675177906300561,31.23769871487668
2001-06-27,-4.609815193546974,-19.290006941960545,-11.391680179047388,32.705471517598255
2001-06-28,-4.339154106417236,-19.019274720302608,-9.780582225017278,33.53363110774562
2001-06-29,-4.501425833138667,-18.863336894951015,-10.188482816797299,32.10038438392703
2001-06-30,-3.8308008096245496,-19.101406915512786,-8.976737152590097,31.328298452300764
2001-07-01,-4.3187958832005515,-18.009193239115817,-9.135898653336916,33.185829818848866
2001-07-02,-3.8305911221778466,-18.845811872339137,-10.088319468372683,31.90638819890384
2001-07-03,-4.334574154828144,-19.76817505106366,-11.251606681251285,30.97968306142858
2001-07-04,-4.0456249398081665,-20.227518541711515,-12.520665466694297,30.760247707835344
2001-07-05,-1.9457353869842424,-20.74104981602504,-11.616473381611184,31.757644731588556
2001-07-06,-1.3108660068892353,-20.955384633635806,-11.461604913918697,32.35133861194507
2001-07-07,-1.1205241018260517,-20.101935743079004,-11.35317035502953,32.33805193474241
2001-07-08,-3.1391042812429766,-19.10772455881485,-11.499865317712164,33.53945605707487
2001-07-09,-2.781251290202565,-19.718920100896362,-10.817741934499479,33.32146149072443
2001-07-10,-4.107526250650324,-19.739120248037683,-11.796459552832703,33.225866161855876
2001-07-11,-5.834705020441658,-18.65161950015929,-12.19188582911382,32.208320033404526
2001-07-12,-5.707146603319715,-18.755747372347354,-11.636165541652387,31.619514913242288
2001-07-13,-3.9265937793472023,-19.727528949869193,-12.22110565083577,31.042118149763255
2001-07-14,-5.275988494054684,-20.26418164051283,-13.468645782737447,31.58165399906323
2001-07-15,-4.968691474769527,-21.10707737087129,-13.468205814581177,30.425607423888145
2001-07-16,-4.6908778837726,-22.970087718842088,-12.782908872631634,30.267459956126753
2001-07-17,-4.359761454812902,-21.63866028939155,-12.382367715214254,30.2278801093872
2001-07-18,-4.729208614077148,-19.495471820523004,-13.40292652615693,29.040617993746416
2001-07-19,-4.010542990492754,-17.450345981707116,-13.071791022696768,27.387925266810075
2001-07-20,-4.977605092513851,-16.753579055587917,-12.811183481356545,25.448234364325227
2001-07-21,-3.968778466626529,-17.210282621484595,-13.964390895510807,24.829170115219927
2001-07-22,-4.001219240094387,-17.721645296703944,-15.104062006979282,23.731812046104256
2001-07-23,-5.267600075347064,-18.11312545029394,-15.030050777382431,25.193233711988114
2001-07-24,-5.2425509431036685,-18.502809107191982,-16.321667523301944,26.037691142285055
2001-07-25,-4.1026758711169915,-18.694396915403026,-16.695314290433654,26.138692311199147
2001-07-26,-3.8241174986886577,-18.785042279644827,-16.312437845683835,24.903479939078906
2001-07-27,-5.4381451206108995,-18.056383585373503,-16.319100243047668,25.403969205462555
2001-07-28,-4.417025303214807,-16.498205705094,-15.06750445300769,25.362452546882732
2001-07-29,-2.2033762315728245,-16.11441825390165,-14.068870611645213,25.134999857619242
2001-07-30,-2.248656473924602,-15.961965766757375,-12.477275280703058,24.01031461092037
2001-07-31,-2.963732798931827,-15.208144100029045,-12.518229825228019,23.77613258209894
2001-08-01,-5.366525590719521,-15.483678034107317,-13.17181263749823,21.958748314965764
2001-08-02,-4.509365300446767,-15.277353623022705,-13.408292954882572,19.952943608087452
2001-08-03,-4.438107475175043,-17.20837141943715,-13.203976438323371,20.909246067073465
2001-08-04,-5.54656837740292,-16.935605900856054,-11.887208750463444,22.01219271976691
2001-08-05,-5.777072893559966,-17.84332332588825,-11.076178869297019,22.89052839533134
2001-08-06,-5.886653905081096,-19.117203982051702,-11.274770986436998,22.525790961774284
2001-08-07,-5.677961505673661,-17.545912341142795,-10.909099823577417,23.173642166198483
2001-08-08,-5.8805727879469885,-18.060075159661988,-11.889230859479014,24.96447566651589
2001-08-09,-3.1355864214055438,-19.67540350079417,-12.465836614120118,26.099894344682653
2001-08-10,-2.5659547976869086,-19.625388352844723,-11.341323843379318,24.96418817541498
2001-08-11,-2.179827441582844,-19.847360997867284,-10.819361686088225,24.476578395306095
2001-08-12,-1.9319596343844474,-20.62697731364018,-10.38450593704077,23.539674640477116
2001-08-13,-0.8584683661440267,-20.033420753913383,-8.284151325520105,22.913746807287744
2001-08-14,-0.9131623403244513,-20.686345908512198,-10.375681038439042,22.31473821785531
2001-08-15,-1.582636245820681,-21.98205192627437,-10.485310416888922,21.1201450581399
2001-08-16,-2.138381940724882,-22.87970639375906,-11.154488813847811,20.921659645232992
2001-08-17,-1.0483063771185392,-23.36777041164277,-10.552288266476118,19.923023311216898
2001-08-18,-0.0005930102397544434,-23.57152366163285,-9.731307790675306,19.177104350533458
2001-08-19,-0.9722727281450211,-23.149398030149857,-10.836582939887975,17.753473730965013
2001-08-20,-0.11361243089982431,-22.720248080623463,-10.548258622440185,15.807093191677081
2001-08-21,1.1677965701544213,-23.407841257136877,-9.2941966516212,14.778345543067516
2001-08-22,2.366884830381991,-25.44008390012198,-9.318868238916046,14.606828080946533
2001-08-23,1.8875910194618128,-24.9527312257943,-8.512542443452386,13.27223461890497
2001-08-24,3.845113396236025,-26.24053498001275,-6.0247005820552655,13.956953630401816
2001-08-25,3.435563873043268,-24.525244476005895,-3.5189935594872845,14.061738548803216
2001-08-26,3.836942845838559,-24.077280456385672,-4.150923440840178,14.4534319257101
2001-08-27,2.213339440418114,-24.337915433294604,-4.2218986499842615,14.79781477384479
2001-08-28,2.4767585568870016,-23.184020274374866,-4.461295548906848,14.965314951734557
2001-08-29,2.135045406617038,-22.417690728404857,-3.556984592065035,15.441208256823005
2001-08-30,2.4098093141847903,-21.426843278886654,-3.5011311832747336,15.44014265342135
2001-08-31,4.497045688024338,-22.327372156675825,-4.140826406923738,15.586472917753158
2001-09-01,5.4859984550270875,-23.638588333719767,-3.215706223062495,14.536922829241592
2001-09-02,5.218620146652242,-23.681060716683856,-3.577330676873053,16.21252985304601
2001-09-03,4.212702934414948,-25.14030881422248,-1.885854584172835,15.839626380441604
2001-09-04,5.855503249370296,-24.830495774676848,-1.4035852835910694,14.31583208646517
2001-09-05,6.601021646152836,-23.040473072779218,-1.5371598667744033,13.337407488425852
2001-09-06,8.6288535620564,-23.825458762569852,-1.6875097966865602,16.074971829190513
2001-09-07,9.26271701220039,-24.593545708347378,-0.15937607418463284,15.571317141339595
2001-09-08,8.112157984150432,-24.745648072031088,-1.0160864139301036,16.15381904120396
2001-09-09,9.095266484627254,-24.234375990139796,0.8536668444369448,16.138208247923384
2001-09-10,7.512233945179475,-25.13875024596571,0.8402900627383261,15.768157974990496
2001-09-11,8.467146437624802,-26.69841236558973,2.288180548662772,15.158854722423659
2001-09-12,8.659157795129772,-29.039352545327063,2.42266364656743,14.72405926170651
2001-09-13,7.9360910567123835,-29.603185980010206,3.0834362021714528,14.649700341968654
2001-09-14,6.536051460096498,-30.971704927950547,3.801803896336825,14.668502375129929
2001-09-15,5.094051253670558,-31.02856024345917,3.573118160344521,14.197963183484479
2001-09-16,4.343197173790273,-30.20371414169643,2.966020379113931,14.491454923594473
2001-09-17,5.313341023504903,-29.263051650204886,2.0731005671763576,13.578912578255007
2001-09-18,5.085311106234474,-29.255187898878248,1.79240516278053,13.210304564093391
2001-09-19,6.266703039942179,-31.275288237367462,-0.9895014709603509,13.801636373253027
2001-09-20,4.944050018555302,-30.86228819349501,-2.3147689669838503,14.827213125538677
2001-09-21,4.14435735269565,-30.28032150412359,-2.06103231363085,15.128246969103259
2001-09-22,5.427018840549106,-29.92493670504913,0.35272117319585305,16.198888424998927
2001-09-23,6.53324822538638,-30.553485678578692,1.2972289995714374,18.649097141926283
2001-09-24,7.958489920582668,-29.7154161586061,1.69550286469948,19.31108442335175
2001-09-25,7.648721933873034,-30.299425068000474,3.0675174750216816,19.491495473139334
2001-09-26,7.644552935146676,-30.475083080224234,2.860803797616007,19.17917073773309
2001-09-27,9.853793132528136,-29.651220691004923,2.064589337789192,19.83352271417265
2001-09-28,10.201710250665444,-30.4630566530401,0.6038050994717314,18.623139436299887
2001-09-29,9.658302396557035,-31.755075713019952,-1.393457549189887,19.126628122915406
2001-09-30,10.699883233471155,-31.514988170919334,-1.9139601982178465,20.167783309984337
2001-10-01,10.521736790813408,-32.19222393582091,-3.033893835904781,20.579020871033485
2001-10-02,12.302964010554247,-32.24616683437344,-3.4631092226356754,20.68636664052611
2001-10-03,11.595472431129185,-31.65531893099776,-2.6818136053849364,20.558708960949886
2001-10-04,9.874795691916429,-31.05798999026259,-2.255787438208478,19.752471152073344
2001-10-05,8.65542300515583,-29.066765437365675,-2.7932115502438006,20.263008906887922
2001-10-06,8.647651222157622,-29.382503548271163,-2.045134548814495,19.371537604141416
2001-10-07,9.899793085865385,-29.696716130759132,-3.927232857652322,19.96478291196063
2001-10-08,10.143518412014704,-28.49391948781652,-4.270312904812218,20.53145312524997
2001-10-09,8.486902744094579,-29.15651810931764,-3.3742201968107817,21.32282365714349
2001-10-10,9.356055971609422,-30.329399282701687,-3.7307944743794135,22.664569414772647
2001-10-11,9.215905158869225,-30.278087241563902,-3.2447398992262615,24.069311288166006
2001-10-12,8.34868067730061,-30.313464768601794,-3.4661918834554877,25.525303167157432
2001-10-13,8.841072754200772,-29.706766926526583,-1.1367100721120367,24.78857030316423
2001-10-14,9.820205368694939,-29.60389316661711,-1.1732161541709258,26.05273721768364
2001-10-15,11.540062816103973,-30.008159284616426,-0.9156699999227398,26.50142100171684
2001-10-16,10.29491364794068,-29.33341311228127,-1.4436165554592866,23.540596643697185
2001-10-17,10.168942362338214,-30.809064595731012,-2.995607998161746,24.552843074375705
2001-10-18,10.244290867362405,-32.22798041545235,-4.938228098491681,23.6018488567019
2001-10-19,10.059918194971958,-31.822268021311185,-7.412102489135679,21.289471121253538
2001-10-20,9.671385302426534,-33.096800984595646,-8.635760501883901,21.79138742752018
2001-10-21,9.216080848162454,-33.407264765058024,-9.31656742531993,23.144932717257962
2001-10-22,9.686483617128692,-35.57471690199628,-7.8694995605526685,22.371077573507293
2001-10-23,11.913698549143916,-36.60320699876369,-7.8166692605912065,21.718459969883384
2001-10-24,12.45257509220112,-37.689648347558894,-7.4912268944205955,21.051883812603528
2001-10-25,12.82144490282155,-38.832878318818345,-7.41575965549182,21.59653090200286
2001-10-26,13.829088671442236,-39.827954889605174,-8.14400484784353,21.770710363278404
2001-10-27,12.84650026272323,-40.44925793721456,-6.318381253325543,22.638260468725
2001-10-28,12.282879402331293,-41.17400325067832,-5.7624316053854185,23.208017219097005
2001-10-29,12.371290994496803,-39.95869532803418,-4.058170242080652,24.417603961872278
2001-10-30,11.92299371767759,-39.09583193211481,-4.827825029912944,24.41743914938708
2001-10-31,12.721753806981045,-37.86396600940116,-4.226310457528608,24.127659635585346
2001-11-01,13.293271110058688,-38.23293163413076,-3.732865123743705,24.661411144242688
2001-11-02,12.960442750460828,-39.795646682469716,-3.3993024776503478,27.009902393877823
2001-11-03,12.824967713468657,-40.32601342866953,-3.9403013871080788,27.08924303144876
2001-11-04,11.67756364320532,-40.434968116398046,-4.718949183089477,27.455805549246012
2001-11-05,11.631822708349443,-40.79322642851827,-4.663304253005056,27.42607472826768
2001-11-06,13.2529585003151,-40.54103156987655,-4.034116527351679,26.491134425992957
2001-11-07,12.65058576121608,-40.1661878367968,-3.2836349548694717,27.853792129751653
2001-11-08,10.732377170937662,-39.904813711834954,-5.261087480913785,28.257524329032904
2001-11-09,11.683281319216759,-38.983803658835356,-4.295185626191315,28.97310921676526
2001-11-10,11.438760274528814,-39.96900935117433,-7.012278790385234,27.896782419007543
2001-11-11,10.3780012646558,-38.72146127703126,-6.964403675743834,27.411258302160977
2001-11-12,9.658114809306058,-39.865545535566135,-7.646988675500266,27.49423414988013
2001-11-13,11.099244459928565,-41.00189892516619,-7.073802276408504,27.065089895937916
2001-11-14,11.197100501249935,-43.11612708277438,-6.454493121762713,26.300227978101304
2001-11-15,11.004833977152154,-41.204789536035946,-7.488902659715232,25.579234518035413
2001-11-16,10.184840340921385,-39.990155445915356,-6.8136470082706335,26.420654368791965
2001-11-17,9.192316446051713,-40.3770734541119,-6.880317144473078,26.61683489292852
2001-11-18,9.919722880594191,-40.450237988251686,-7.645493051146854,26.583490364134995
2001-11-19,9.933042598209434,-40.72837581096371,-6.064396037685143,25.29844242819203
2001-11-20,9.338158559029372,-41.19112620632911,-6.5176805101483515,27.748847970586453
2001-11-21,10.22687193785963,-40.658429627602175,-7.356364972273743,28.36912594647513
2001-11-22,9.837553238153395,-40.70996336500044,-5.1683149921816,28.421209922708382
2001-11-23,11.27971611212821,-40.41818180402843,-5.264414225291223,28.079547634068263
2001-11-24,10.919830403637798,-41.6331971650814,-4.292576392927211,27.7017057694809
2001-11-25,8.922481762334849,-39.41579382447913,-4.82172730234564,28.38863722697644
2001-11-26,9.288687146640253,-39.88189563676495,-4.84076970449956,27.82146483677502
2001-11-27,9.540640158187415,-39.75290748768492,-6.599989912144171,26.134196204904807
2001-11-28,9.215942505998495,-41.325038699387186,-7.439617370546529,25.24196323368837
2001-11-29,10.867705967954851,-41.109042199910185,-8.246573120967364,25.867961300870718
2001-11-30,11.500977053333717,-40.46114702335663,-9.853065538488469,26.230242895394905
2001-12-01,11.664027725971486,-41.08156539940135,-10.283670725653073,25.38369719019737
2001-12-02,13.03544210921016,-42.843532557048356,-10.352927714539417,26.611534780880362
2001-12-03,13.07039998054721,-43.31471520808419,-10.050865647699984,27.520205006077695
2001-12-04,12.131353493395567,-42.32722615797904,-8.927276495473649,27.06252243997256
2001-12-05,12.248613256771966,-43.684511372195466,-11.02859777077881,27.357950646068435
2001-12-06,12.132073675240989,-45.01699598289539,-11.542913635992502,27.107705961565667
2001-12-07,12.645835126639284,-44.103050681118255,-11.774253558047914,28.094739942897718
2001-12-08,13.076059395776067,-42.79648611151364,-12.052307471518505,26.875024223951467
2001-12-09,12.037187540903085,-41.576124489109624,-11.860206085092141,27.843125652063822
2001-12-10,12.0045040079388,-42.68672839809585,-12.577359083743882,28.977519838711917
2001-12-11,12.454504859047496,-43.70440826891682,-13.611634091240271,27.87107905000873
2001-12-12,12.77416014256499,-43.62831409415076,-12.385822145007317,28.688107499648005
2001-12-13,13.070570732869433,-44.39795760232745,-13.17155595905608,27.52898297475684
2001-12-14,13.921691518120609,-44.05967129457789,-13.228018551513111,26.144283248021864
2001-12-15,12.003487419725985,-45.62820854651332,-12.620717720548713,26.040876748255926
2001-12-16,11.54187944804,-46.51035720185417,-12.170721261992652,27.746721022307
2001-12-17,11.635451119867033,-47.914526345876666,-13.368282233040443,27.476594576272003
2001-12-18,12.690810498459351,-49.83505268828348,-12.373644621542095,28.743391471067948
2001-12-19,13.424987466572588,-49.732164759724334,-12.140296308395943,26.798869012846602
2001-12-20,13.3823151726391,-50.40652313871219,-12.288644984339957,26.52155633094198
2001-12-21,13.438542612918036,-50.42426181660308,-12.006893764853979,27.22211870566802
2001-12-22,12.995461208426262,-51.70424611202907,-9.17420704059095,26.642427970653795
2001-12-23,12.954197532132504,-51.23648806865554,-8.348056131832726,27.164501766384312
2001-12-24,13.597289889765753,-51.707335292261554,-9.052578476936068,24.533121199145974
2001-12-25,14.568371100835094,-51.79633113857273,-9.974179433748821,24.617729177328446
2001-12-26,13.542643654626898,-50.9481881247385,-9.167452055431305,23.09599826158678
2001-12-27,13.427360619267901,-52.320902990353524,-8.413451048614943,25.03137297912465
2001-12-28,13.845394835912161,-54.08168286935741,-9.826333435750975,25.12924546876173
2001-12-29,13.708730972787537,-53.25585618707787,-10.197634667451771,25.936237262240454
2001-12-30,14.074256026983466,-53.1979484956163,-8.637777589467365,25.23396532607863
2001-12-31,13.222179079315108,-53.61044910461152,-8.196413936450607,26.61738332492332
2002-01-01,11.641118686317173,-52.24495601483808,-8.356194593868945,27.685817579877785
2002-01-02,10.772203015652776,-51.597757785933105,-8.180966309636565,27.907844423684654
2002-01-03,10.487309182249462,-51.49687191123583,-10.48382571143662,27.077050920858678
2002-01-04,12.208011637091229,-51.66964431101641,-11.1212878938618,27.137260595541754
2002-01-05,11.74270017300704,-50.83986000335913,-11.775172836732512,26.437693407478577
2002-01-06,11.544975782259934,-51.79971904918697,-10.066091675955724,26.367675622833335
2002-01-07,11.376126817700872,-53.214714745558915,-9.80846057160824,25.961261193814483
2002-01-08,10.936737572343782,-53.47254445150231,-10.272392336708766,25.342676037487482
2002-01-09,10.257161913458017,-53.79889130334051,-10.519319083429249,27.350627717548562
2002-01-10,8.466875574254257,-53.890354153390994,-9.896652353374282,30.27798812783482
2002-01-11,7.422841182545481,-54.303724917185825,-11.048059540953293,30.855305633774144
2002-01-12,8.275773454216232,-54.0266449586185,-10.880462029433634,29.53418012576703
2002-01-13,10.52735370415866,-54.75128236645582,-10.963394007980492,28.548994326537063
2002-01-14,10.60332125997595,-53.3791154136275,-11.240809731195434,28.14600302054721
2002-01-15,11.910502512431453,-53.05092632512832,-10.939787331070164,26.977277900876448
2002-01-16,10.614161607527514,-53.52137685837812,-11.049670594148228,27.22140966527661
2002-01-17,10.573681168716549,-52.588008753941615,-10.534292515683438,26.28194208512697
2002-01-18,9.077156070791222,-52.338505880488505,-12.440572786346058,24.406133841767858
2002-01-19,8.319483093182965,-52.35392301911444,-10.435463070576477,23.3761272314629
2002-01-20,8.776655755510946,-52.816061660257624,-10.430750208715477,23.5856438333269
2002-01-21,8.827110683691686,-52.62165525176921,-9.217550958103814,26.466551554018405
2002-01-22,9.282952857012496,-51.30301720366525,-9.84444679522381,26.191251828767292
2002-01-23,8.473603105949548,-50.25276555805089,-11.328171678903399,24.447126496380527
2002-01-24,8.958778099366842,-49.52913426613334,-12.321758601221358,23.22703938971805
2002-01-25,8.970969523233082,-47.94595107613913,-13.443492522648313,21.84098570781799
2002-01-26,10.762688173402893,-46.17644212216917,-13.480138857083965,22.2188477600868
2002-01-27,9.576696129521316,-45.7752120525474,-12.734259612004495,22.246355917348097
2002-01-28,9.647615342981092,-44.61082011087338,-13.175828878205257,21.24098304680357
2002-01-29,8.455343980006038,-45.67003407623261,-13.437730709886926,22.02750114325345
2002-01-30,9.172232635930147,-46.35185598583396,-14.279026004862278,20.64642929165786
2002-01-31,10.802566102911209,-45.93616514965753,-13.872469402901018,21.390102232254563
2002-02-01,10.801893347794763,-45.72570205542333,-13.796884005225143,21.998652040616538
2002-02-02,11.433894843933244,-46.97632645863069,-13.703143562814962,23.15621188513468
2002-02-03,11.834797789654077,-48.29500206274199,-15.142935179150175,20.599914961711825
2002-02-04,12.342462209677548,-47.562671417615896,-15.175204947609409,21.48474629049749
2002-02-05,12.06658250372248,-48.147623285287764,-14.58641373939336,21.4816512749663
2002-02-06,11.124819921873339,-49.194969928619685,-15.79475999149666,20.138357403601606
2002-02-07,11.610789585534317,-48.048503790453694,-16.523657654413697,19.539591822130884
2002-02-08,11.182441148352924,-49.623257609809954,-16.47410145210677,19.189498126717588
2002-02-09,11.401353150629891,-50.09663407323703,-15.467439244262327,18.67694534022883
2002-02-10,11.554674891081373,-49.831158033403625,-15.196572485279876,16.864255690051245
2002-02-11,12.000705099753315,-49.817233695234755,-15.569719809590275,17.285050283728065
2002-02-12,10.857779018861205,-50.036793086589874,-14.485518443992495,17.225424938453166
2002-02-13,10.191979670906587,-49.74808855278371,-15.36031692124251,18.615768702252822
2002-02-14,9.942945677718757,-48.483462301084074,-15.479091771022896,18.148347628795012
2002-02-15,8.829434469990089,-47.93269991137692,-15.492893862582267,18.61071313585422
2002-02-16,8.272506786601669,-48.14964454781397,-17.419415812123358,18.453887231530185
2002-02-17,6.08599340521735,-47.42664370706462,-16.992471958567794,16.403365822317006
2002-02-18,5.537040450565345,-48.2270618950591,-16.545447986078315,16.603057991774886
2002-02-19,6.12609276500636,-48.327342601713816,-16.10593603550261,16.1402017840821
2002-02-20,7.271940541669057,-47.355719192797196,-15.953823704772992,13.869563702936865
2002-02-21,9.232010867217134,-48.05232421771131,-16.082540451991427,14.203029580963742
2002-02-22,9.761240264986773,-50.38015199484514,-15.761477179100185,14.798968950506374
2002-02-23,9.7143942212463,-50.60239880047247,-15.365451197509664,15.935556604059611
2002-02-24,10.155001949853885,-50.81106178639479,-14.98567312382906,14.43891961090232
2002-02-25,9.41553036673982,-50.42333641849887,-13.5439005319452,13.608772586731007
2002-02-26,10.599460518010261,-50.06299015414626,-14.83156848950237,13.041408406420587
2002-02-27,11.783718841089176,-48.68921265199527,-14.547818013784758,14.462552909579825
2002-02-28,11.55184218161601,-49.85454437251074,-14.449068867567293,13.264842625719172
2002-03-01,11.410645117313456,-49.46019639837164,-14.89318002973059,14.367831574371221
2002-03-02,11.285218281518723,-49.41284727126733,-16.227382088339294,15.016575165430789
2002-03-03,10.98251097763298,-48.85260570704744,-16.8145663066058,14.524483094384594
2002-03-04,11.482776549266944,-49.65558199139724,-16.267071250410396,14.186869850737429
2002-03-05,10.912527856373341,-49.434718005109296,-16.638330857275644,14.368835956722348
2002-03-06,10.485471204342227,-49.1242074380096,-16.962235278329466,14.909643408220212
2002-03-07,12.619867875695478,-47.98710658160945,-17.89393059297558,15.232326496169227
2002-03-08,12.801380784526698,-49.32069999341386,-17.3349541347441,17.477644744679765
2002-03-09,13.382380852224394,-49.123726337867986,-18.63904173095607,18.498850127859846
2002-03-10,14.252107997349883,-49.58684327673176,-18.368488020949133,18.001981762110347
2002-03-11,14.729582540180445,-50.4107055965731,-18.93552251188234,17.589982978947987
2002-03-12,14.800584004915416,-49.79112660527772,-18.934099095434455,18.91543006532932
2002-03-13,16.25873656038884,-48.505014354166796,-19.892868117469455,19.688764843203735
2002-03-14,16.267338666586078,-46.862531384202676,-20.51846859712881,17.900801035712817
2002-03-15,13.538881571971217,-45.85260949340119,-19.59740504323392,17.02251907159353
2002-03-16,14.284683919347492,-46.34626793071683,-21.5001942300446,15.830489965569988
2002-03-17,13.472996035981923,-46.089291625607565,-19.493156317192863,13.425066116760638
2002-03-18,14.895155002745938,-46.987262684876605,-21.14359002203922,14.292160652722943
2002-03-19,14.63318062494585,-47.56344811123244,-20.734254130993012,15.920167120114513
2002-03-20,13.268864940718055,-48.20722050114929,-21.96707496641897,16.506019477913405
2002-03-21,15.316531862376976,-48.14195896152894,-20.927581319189315,16.64648187493932
2002-03-22,14.764153434602942,-48.58602395979447,-20.04785924599061,17.844350646439672
2002-03-23,14.368507244845489,-47.67051809638393,-20.69323042815347,19.36699706770257
2002-03-24,14.101636196653455,-48.100132064152625,-20.941695564020574,19.8644014268139
2002-03-25,13.252068106912802,-49.327872457617474,-20.123292272173135,20.537120684503243
2002-03-26,13.077794612258538,-49.62260620196016,-19.740450189628394,19.47241487379059
2002-03-27,13.562908184968073,-50.53050888947334,-18.874351668658147,21.37004220368497
2002-03-28,12.95933627604253,-49.73977359335871,-19.39897730209772,21.271373042426756
2002-03-29,13.493597995415787,-49.77687780465962,-19.173104532572943,22.443759922393046
2002-03-30,13.407046678988806,-50.71858593048299,-19.135080542499896,20.54058793765056
2002-03-31,10.771638936411442,-52.28613288044919,-18.746865668017062,20.635595216243857
2002-04-01,11.963046137032741,-52.681695619703774,-18.274359406213076,20.263207274035498
2002-04-02,11.666985493525024,-53.61757338478833,-16.695409694317043,19.999005191657815
2002-04-03,12.991666206473676,-54.01644893098565,-15.84096905418243,20.535827032993303
2002-04-04,13.500514637152003,-54.664966146197536,-16.689370263319535,20.91077099644443
2002-04-05,14.028964532598158,-54.54994892436925,-16.665266733547934,21.993051743991497
2002-04-06,14.745982905619767,-54.42428015984116,-17.712592416718365,21.49712189662566
2002-04-07,14.4171894858729,-54.77733482382944,-17.562573207975774,22.037027126433333
2002-04-08,15.108855141748215,-54.987204952527634,-18.842413193223294,22.227683733531354
2002-04-09,14.252711254175379,-55.588624884106515,-20.375737278540864,21.389624528542868
2002-04-10,14.12638642225261,-56.043396364414974,-21.62483006093951,22.037649444216687
2002-04-11,14.38249498421101,-56.10555496092238,-19.99556507099295,20.395784631515486
2002-04-12,13.032359598840124,-54.03335713467921,-19.818015588247235,20.55612103410521
2002-04-13,13.424189228947437,-55.00967914755567,-19.402943350870327,21.183664606422262
2002-04-14,14.138960846330107,-55.60035302550243,-18.352444653735258,20.740546389823898
2002-04-15,13.922817443301946,-55.30773261113236,-17.182980734188597,19.896827689823354
2002-04-16,15.681300612228613,-56.40568666589179,-16.553952046726657,19.79038152358398
2002-04-17,15.898096589699882,-55.870794309653476,-16.4758162626986,18.592561191070246
2002-04-18,14.998325402154165,-55.62700132287723,-16.98008314511324,19.12299092274838
2002-04-19,13.157820382649037,-55.50938858909746,-17.92841829449649,18.430241500665716
2002-04-20,13.657118828686869,-55.3576367647896,-16.51007001936845,21.29613195140567
2002-04-21,11.807106301995818,-57.08558638890567,-16.558336828573818,22.237153237973978
2002-04-22,10.390950111827674,-56.16776394959538,-17.409779716666417,23.491088622975568
2002-04-23,11.225104603789603,-56.55109732604644,-16.807865354729568,22.825070859554792
2002-04-24,12.182451219877015,-56.97901386984384,-16.185934889357952,22.17597216328483
2002-04-25,10.982789351271856,-57.65647401646503,-15.77149312018793,21.83932456488138
2002-04-26,11.62687023015709,-55.66025307720867,-16.05297829787234,22.286928283574554
2002-04-27,10.84170028879711,-56.64318040720772,-15.141835846687686,23.144061482952534
2002-04-28,11.928752921342744,-55.858102886534596,-14.84669886789311,26.1368071714945
2002-04-29,11.18963426518047,-55.26588783863872,-15.080630940068218,25.702182027467117
2002-04-30,11.530971819236637,-55.33068303106063,-15.659809604922552,24.7807600969436
2002-05-01,10.43781139072151,-56.46819906430579,-14.033700690718263,24.485687301032712
2002-05-02,10.656927072231962,-56.86898498740522,-12.229588973704217,24.200431352660722
2002-05-03,8.872980769131043,-55.9633141080886,-11.293039452461112,23.00479711664118
2002-05-04,8.61545259667499,-56.398076369574866,-12.775066311793609,24.973500549882992
2002-05-05,8.436714998178084,-57.53560251458641,-13.803623374698518,26.877392589705593
2002-05-06,8.503106528059181,-58.43049088453314,-13.427927344263184,26.778698854776714
2002-05-07,8.448021985992693,-58.82192257282993,-13.157607718382042,28.13780819749203
2002-05-08,8.291443571670708,-59.339691337521685,-12.14752279564652,26.22838639446251
2002-05-09,7.220473879102643,-58.72308524844056,-14.492576550424605,25.0230414192795
2002-05-10,9.812705246308058,-59.675909116298136,-14.492661722303724,26.885721469737245
2002-05-11,8.52308667294316,-59.25150238372631,-15.08869903958125,28.8357373417126
2002-05-12,7.865728563668522,-57.885051655352264,-12.978065207831726,27.43012708834288
2002-05-13,6.505250311034841,-57.44706100026289,-13.927038020558006,27.41338774489889
2002-05-14,6.889591011815488,-56.98358217390556,-14.92737820807206,26.877800059552047
2002-05-15,7.279199875613424,-58.467636777116915,-15.394574404079606,26.686972689575406
2002-05-16,7.535259104046687,-57.69298324083549,-15.850269162039153,26.83517312586256
2002-05-17,9.773564743847885,-59.56362625793244,-14.520140941675749,28.522890289145245
2002-05-18,10.299990238373708,-58.8960149509827,-12.690182093750964,26.828279011733088
2002-05-19,11.360935164115036,-58.606586715101415,-12.48628236296281,25.91208202927401
2002-05-20,13.046959154280279,-59.49896239571527,-13.080379870653845,25.540830426720948
2002-05-21,13.292455717796434,-58.65594027199279,-11.550989824443306,26.90850855742209
2002-05-22,11.908519656578305,-58.14929432643244,-11.04265389078859,26.113902898211677
2002-05-23,10.024146561886676,-56.86577157713263,-10.194097802014662,25.750137555118478
2002-05-24,10.729409532723361,-57.005417534788116,-9.312674930591031,25.61415896280061
2002-05-25,10.897180799873558,-57.32220547819489,-8.737372348019981,27.099333122519752
2002-05-26,9.871915380942061,-56.5587779322374,-8.377449298612605,27.27842497044131
2002-05-27,9.433843480921698,-55.90095695707366,-9.30388821278446,27.28033504238035
2002-05-28,9.19648385986383,-56.526806870494234,-9.202912219094413,27.42328186569765
2002-05-29,8.849002782305199,-55.437171548855694,-9.58901105066751,27.333539529595722
2002-05-30,9.089429441792587,-55.370940000196526,-9.71517910261368,25.87894360377969
2002-05-31,10.29900760151748,-53.373101379063336,-9.927448167589121,26.332723303803416
2002-06-01,10.074753696473971,-53.36720912917218,-9.591130592556615,26.800502230620193
2002-06-02,8.260347857485762,-51.8535420273018,-10.172721473079894,25.801096321735372
2002-06-03,8.667622312444125,-52.30007714472563,-9.42655998902822,24.905438546669316
2002-06-04,9.473524129898514,-52.84805799362603,-10.5307978570185,23.63770152204532
2002-06-05,9.37830217821554,-52.27250252966809,-9.100262288634596,25.06276909844272
2002-06-06,9.561096537306266,-50.235996189759796,-11.317725240805505,26.66727929537959
2002-06-07,8.710641786101496,-49.315365182219686,-11.912352286040301,27.739358082038102
2002-06-08,8.493432310999642,-50.61981251304915,-13.330656158240048,27.50651613509412
2002-06-09,8.502339617620027,-50.59714713338298,-13.05295432945544,29.232188572859258
2002-06-10,8.35468532978348,-50.210916060290735,-12.716377358369222,27.362775711128453
2002-06-11,9.45684636730737,-50.6740433429736,-11.804570157925209,28.90508146640326
2002-06-12,8.1886118836648,-52.52049792726883,-9.594327199632522,28.272754520705593
2002-06-13,7.678066940886861,-55.10494363537537,-9.161570173173308,28.560604435467646
2002-06-14,6.586794789999562,-54.39999145253132,-8.015785513404321,28.43346302769655
2002-06-15,8.399596561590362,-53.9329269118613,-9.640147958401752,28.325602287853904
2002-06-16,10.285532803067376,-53.182803092768324,-8.36052481332245,27.63372307441843
2002-06-17,10.661643667441561,-52.600189826265314,-8.181006230109368,26.97656771173728
2002-06-18,10.815070085065662,-51.39588357772873,-8.03193409539568,25.306402713194476
2002-06-19,10.188780912092767,-52.13146925986178,-8.238768709398453,25.73747799023578
2002-06-20,9.64507412107114,-51.39385208388811,-7.677755242334541,25.95832332587266
2002-06-21,9.725687367429122,-51.920457003459234,-6.22245855837785,23.952523191165156
2002-06-22,9.603269821049233,-52.69717235148573,-5.8967681528816644,25.45464594112499
2002-06-23,9.191483875438953,-52.836996459974806,-5.736415328273485,25.911243744455344
2002-06-24,7.456684342580112,-52.52403096152377,-3.8626079874360375,26.908806557838165
2002-06-25,9.002588611014627,-53.66609534452691,-3.6806223380178067,26.33279882045234
2002-06-26,9.406449497761407,-54.679843509453214,-2.720000896347864,25.935315192633965
2002-06-27,9.970729468370058,-52.34279202810957,-3.6874251625895864,26.554969951360917
2002-06-28,10.81090641827867,-52.52424378527346,-2.8725501542805856,25.173945765050142
2002-06-29,10.72921859307348,-51.23638661397771,-1.4167149292916115,23.490081946439872
2002-06-30,14.698055225508824,-52.15986258618714,0.3975706775536556,22.971256713650856
2002-07-01,13.68821525764632,-50.11888514844383,-1.215272092737682,20.4315065942693
2002-07-02,13.452579638806826,-49.801073056308915,-0.9176985756902896,21.90973164861764
2002-07-03,13.79346028064229,-50.9306444815741,-1.6496245895747907,21.24512216394802
2002-07-04,14.745321375189834,-50.4029055425472,-1.913780976325572,21.936962523048162
2002-07-05,12.843186490453744,-52.335313199485924,-0.7778022410755983,20.830658700120786
2002-07-06,13.17866988454122,-52.755334657816185,1.8286465205614884,20.66972159278337
2002-07-07,14.6736224410758,-51.93651356682665,2.3934423564522946,19.700229554839208
2002-07-08,14.578590107180224,-51.97378651456808,1.4541593565723343,19.85306889026831
2002-07-09,13.938708664177053,-51.752581468001544,0.008413522352147762,20.54965358233962
2002-07-10,13.590574162072723,-52.54649624473183,2.1488915373684803,20.02022497349407
2002-07-11,12.411094186525157,-51.28653204883971,2.9250462327027034,20.348174349728474
2002-07-12,14.857173455088537,-51.747128813475335,1.7931911397938554,20.638257054508017
2002-07-13,13.80141056516142,-52.073745922533995,1.8069973654502602,20.89484917033089
2002-07-14,13.866965962204093,-52.07434823503043,0.06817928962346165,20.724218386877702
2002-07-15,15.463137477335533,-52.62628561027412,-0.15055350058024672,23.20202649747764
2002-07-16,15.089803197002707,-53.6887184039881,-0.41979698352603434,21.365423833764897
2002-07-17,16.41932445899438,-53.69540334216705,-0.11027431567674878,21.055082692890135
2002-07-18,15.625581130574663,-54.636090333714876,-1.693505894249733,19.8035473970249
2002-07-19,12.899077467586764,-54.72732537991568,-1.4923418012953942,17.279443016731673
2002-07-20,13.62381101771895,-54.18546563668972,-1.4667897776167436,19.088818136509925
2002-07-21,14.516642852010042,-53.97901659091931,-0.932653665418832,18.10424097660078
2002-07-22,14.087919507287074,-53.67123495232979,-0.4242196912360716,16.984861828281307
2002-07-23,14.802322849797138,-51.95278359030513,0.04849746538941413,18.964191344555232
2002-07-24,15.18258304435171,-50.85938754605561,-1.411941895366494,20.13212601642502
2002-07-25,15.586709917684544,-50.41413861378594,-0.5554260536799117,18.93066620673323
2002-07-26,14.737440172705716,-50.69586778913889,-0.22570989664346985,19.723864909344645
2002-07-27,15.775143665713278,-51.02259426554607,-2.3950199492693005,19.058925205544508
2002-07-28,17.696065817251007,-50.39328938431164,-2.723928623693278,17.985436789155177
2002-07-29,19.761642651671213,-50.295652918347685,-2.6223106785635886,19.264357234629067
2002-07-30,20.244974034608774,-50.54726902109917,-1.1812268857079562,17.854134068423
2002-07-31,19.50596393841402,-50.83942047521615,-1.5107957970909283,15.28850502388297
2002-08-01,20.144847125635454,-50.34495630156426,-1.1416925010666699,14.914443014551974
2002-08-02,20.838135244006562,-51.899861242226685,0.724892453911296,15.643587590028956
2002-08-03,21.239484728038512,-50.85480079548468,0.495488602457705,15.07287612567546
2002-08-04,21.663691770919904,-51.79348007763448,0.538145516452798,13.770132861864461
2002-08-05,19.719911365239838,-53.25813806873641,0.5377483461178344,14.298112714519931
2002-08-06,22.43686483163935,-52.866141797725284,-0.08625006224189624,12.630303666030068
2002-08-07,22.77116948975135,-52.793520602367444,-0.029985291488766885,14.350698733787086
2002-08-08,22.38460028268643,-53.631032344366915,1.5679204665177986,15.477848893065838
2002-08-09,23.496350213168782,-56.386964170631714,1.599317609182555,16.612905633675695
2002-08-10,22.561069061231052,-56.13053255149739,0.9786831912281249,17.44423262850711
2002-08-11,22.038099564092704,-54.51878528071972,1.3391208384204258,18.055071202828856
2002-08-12,21.488480557494828,-53.8854899721386,1.493272762187508,18.951338942095404
2002-08-13,20.905596360340105,-53.18923064920978,1.472347412901407,19.50603050210061
2002-08-14,20.954423681814443,-54.51774628020068,2.7941999432099625,17.966387231844205
2002-08-15,22.78690754795675,-55.39531990981219,-0.8294061286352896,16.32236792268683
2002-08-16,21.150582468293532,-56.45293177681199,-1.2311775499762587,17.09461710297855
2002-08-17,22.26337043178558,-57.11918349067862,-1.0934640548759365,16.281162337528972
2002-08-18,21.745784850815518,-57.77404687832008,-1.095260479273706,17.12786479425342
2002-08-19,22.399360498043105,-57.62090396544234,-2.1511289395014597,18.29220854700095
2002-08-20,22.674396187009425,-55.85070687973776,-1.6939432298244466,19.495193360882705
2002-08-21,22.661442086711002,-52.86457375753705,-2.182459537185812,18.89340771510036
2002-08-22,23.875036844625676,-53.20235129333026,-2.781601647440141,17.945707807772095
2002-08-23,23.606870424725635,-53.04351892723126,-1.8433870778395556,18.0924420913361
2002-08-24,23.9647268983891,-53.45740021386911,-1.6619535371109502,17.323187732118345
2002-08-25,23.400092233174796,-51.908962478406664,-0.8436300689762374,17.71561921183612
2002-08-26,22.41452612757201,-50.25950937283021,-0.21516750198091172,17.885528042096436
2002-08-27,20.93041627219912,-49.59288122618281,0.34193806599193244,18.365929042977836
2002-08-28,22.859439683847636,-48.928558262211986,0.7980894850394757,18.020303279220084
2002-08-29,23.438444629332405,-47.71170073671673,1.0390378235432864,17.623756962011765
2002-08-30,24.615300101405772,-48.38222708958886,2.464626657336902,19.85502531607565
2002-08-31,24.186596390454103,-49.26142375828793,1.555460395786893,19.120973018567884
2002-09-01,24.98283993962529,-49.68427744091283,2.764197901380113,21.366528827066258
2002-09-02,23.77900007953547,-47.25870335596653,2.8684666323320704,20.05580062982351
2002-09-03,22.85133658354566,-47.02769256494548,3.4082397693834743,20.048770998997856
2002-09-04,22.879238061003146,-44.7637977843123,4.7477487677956365,19.428550434718936
2002-09-05,21.90004842560664,-43.494088366027505,4.7566840865997015,17.396643675105068
2002-09-06,21.296896465241222,-43.97401580520448,5.408217941819958,17.15944824292141
2002-09-07,22.855451549906892,-44.38647320871634,7.205251387175012,15.645488819576624
2002-09-08,23.163269225388937,-45.720944196981556,8.18583472361086,17.9942036765448
2002-09-09,24.535818551388434,-45.140994870630216,9.301581974516937,17.33774047413284
2002-09-10,25.30550807100038,-43.960096846472496,9.409925579951597,16.175744883491088
2002-09-11,24.723618455374652,-43.95195542073002,9.419004958276474,16.493256907727005
2002-09-12,23.374048547797678,-43.75964728319321,9.188101708904782,16.068030213744855
2002-09-13,22.716172728613042,-43.59646977862251,9.476028369855863,16.608904688279964
2002-09-14,23.222598053410515,-44.389366617936325,9.67479427335233,17.200373282017743
2002-09-15,21.807249067341356,-45.08737891061205,9.370324852523535,17.57348778122118
2002-09-16,21.97350009090368,-47.16937697023855,8.38226233311816,17.43131004876113
2002-09-17,22.889840618027296,-46.23933411409694,8.295553305534849,16.997612838772177
2002-09-18,22.657108576566976,-45.77095102328288,8.347355823585362,16.839940177421784
2002-09-19,23.55909312277481,-45.49627122873859,8.38776271805997,16.749304255270566
2002-09-20,24.26679484398135,-45.14422736055707,9.063619268024665,17.422973800935047
2002-09-21,25.01113186085757,-43.78424719777244,10.476455582793122,17.276855265879192
2002-09-22,24.90985942377983,-43.69961093026968,9.247369513594764,16.97613858879276
2002-09-23,23.980173237351107,-42.70056629722111,8.833716340614469,17.58165114256496
2002-09-24,25.198325294279783,-44.78791737883888,9.708305880209123,17.51587466210304
2002-09-25,23.28065677816406,-44.04799896071332,9.172397612549654,18.543203607974633
2002-09-26,23.923259793206984,-41.1456431352036,9.830309431957406,18.79681368329033
